,precision,recall,f1-score,support
0,0.0,0.0,0.0,0.0
1,1.0,0.25258493353028066,0.4033018867924528,677.0
accuracy,0.25258493353028066,0.25258493353028066,0.25258493353028066,0.25258493353028066
macro avg,0.5,0.12629246676514033,0.2016509433962264,677.0
weighted avg,1.0,0.25258493353028066,0.4033018867924528,677.0
