,precision,recall,f1-score,support
0,0.0,0.0,0.0,0.0
1,1.0,0.6833881578947368,0.8119198827552516,1216.0
accuracy,0.6833881578947368,0.6833881578947368,0.6833881578947368,0.6833881578947368
macro avg,0.5,0.3416940789473684,0.4059599413776258,1216.0
weighted avg,1.0,0.6833881578947368,0.8119198827552516,1216.0
