,precision,recall,f1-score,support
0,0.0,0.0,0.0,0.0
1,1.0,0.21462264150943397,0.3533980582524272,424.0
accuracy,0.21462264150943397,0.21462264150943397,0.21462264150943397,0.21462264150943397
macro avg,0.5,0.10731132075471699,0.1766990291262136,424.0
weighted avg,1.0,0.21462264150943397,0.3533980582524272,424.0
