            ,precision,recall,f1-score          ,support
0           ,0.0      ,0.0   ,0.0               ,0.0
1           ,1.0      ,0.8   ,0.888888888888889 ,5.0
accuracy    ,0.8      ,0.8   ,0.8               ,0.8
macro avg   ,0.5      ,0.4   ,0.4444444444444445,5.0
weighted avg,1.0      ,0.8   ,0.888888888888889 ,5.0
