,precision,recall,f1-score,support
0,0.0,0.0,0.0,0.0
1,1.0,0.4648241206030151,0.6346483704974272,796.0
accuracy,0.4648241206030151,0.4648241206030151,0.4648241206030151,0.4648241206030151
macro avg,0.5,0.23241206030150754,0.3173241852487136,796.0
weighted avg,1.0,0.4648241206030151,0.6346483704974272,796.0
