,precision,recall,f1-score,support
0,0.0,0.0,0.0,0.0
1,1.0,0.6699346405228758,0.802348336594912,1224.0
accuracy,0.6699346405228758,0.6699346405228758,0.6699346405228758,0.6699346405228758
macro avg,0.5,0.3349673202614379,0.401174168297456,1224.0
weighted avg,1.0,0.6699346405228758,0.802348336594912,1224.0
