,precision,recall,f1-score,support
0,0.0,0.0,0.0,0.0
1,1.0,0.2957540263543192,0.45649717514124294,683.0
accuracy,0.2957540263543192,0.2957540263543192,0.2957540263543192,0.2957540263543192
macro avg,0.5,0.1478770131771596,0.22824858757062147,683.0
weighted avg,1.0,0.2957540263543192,0.45649717514124294,683.0
