,precision,recall,f1-score,support
0,0.0,0.0,0.0,0.0
1,1.0,0.29124820659971307,0.45111111111111113,697.0
accuracy,0.29124820659971307,0.29124820659971307,0.29124820659971307,0.29124820659971307
macro avg,0.5,0.14562410329985653,0.22555555555555556,697.0
weighted avg,1.0,0.29124820659971307,0.45111111111111113,697.0
