,precision,recall,f1-score,support
0,0.0,0.0,0.0,0.0
1,1.0,0.6779661016949152,0.8080808080808081,1180.0
accuracy,0.6779661016949152,0.6779661016949152,0.6779661016949152,0.6779661016949152
macro avg,0.5,0.3389830508474576,0.40404040404040403,1180.0
weighted avg,1.0,0.6779661016949152,0.8080808080808081,1180.0
