,precision,recall,f1-score,support
0,0.0,0.0,0.0,0.0
1,1.0,0.21076233183856502,0.34814814814814815,446.0
accuracy,0.21076233183856502,0.21076233183856502,0.21076233183856502,0.21076233183856502
macro avg,0.5,0.10538116591928251,0.17407407407407408,446.0
weighted avg,1.0,0.21076233183856502,0.34814814814814815,446.0
