,precision,recall,f1-score,support
0,0.0,0.0,0.0,0.0
1,1.0,0.504950495049505,0.6710526315789473,808.0
accuracy,0.504950495049505,0.504950495049505,0.504950495049505,0.504950495049505
macro avg,0.5,0.2524752475247525,0.3355263157894737,808.0
weighted avg,1.0,0.504950495049505,0.6710526315789473,808.0
