,precision,recall,f1-score,support
0,0.0,0.0,0.0,0.0
1,1.0,0.4968553459119497,0.6638655462184874,795.0
accuracy,0.4968553459119497,0.4968553459119497,0.4968553459119497,0.4968553459119497
macro avg,0.5,0.24842767295597484,0.3319327731092437,795.0
weighted avg,1.0,0.4968553459119497,0.6638655462184874,795.0
