,precision,recall,f1-score,support
0,0.9501277411113477,0.9916671296039109,0.9704531245752807,18001.0
1,0.8762376237623762,0.5312656328164082,0.6614761756462161,1999.0
accuracy,0.94565,0.94565,0.94565,0.94565
macro avg,0.913182682436862,0.7614663812101595,0.8159646501107484,20000.0
weighted avg,0.942742423882318,0.94565,0.9395708785298206,20000.0
