,precision,recall,f1-score,support
0,93.54,98.99,0.9618677016870881,18377.333333333332
1,66.39,22.58,0.33697033551466654,1622.6666666666667
accuracy,92.79,92.79,0.9278833333333333,0.9278833333333333
macro avg,79.96,60.78,0.6494190186008774,20000.0
weighted avg,91.33,92.79,0.9111623136626213,20000.0
