,precision,recall,f1-score,support
0,0.8957804568527918,0.9807792508539339,0.9363548431670581,17273.0
1,0.6948529411764706,0.27722772277227725,0.3963302752293578,2727.0
accuracy,0.88485,0.88485,0.88485,0.88485
macro avg,0.7953166990146312,0.6290034868131056,0.666342559198208,20000.0
weighted avg,0.8683839900903254,0.88485,0.8627224933287527,20000.0
