,precision,recall,f1-score,support
0,0.8949986862671162,0.9821332695009203,0.936542782027446,17276.333333333332
1,0.7041457344534053,0.26911654359540643,0.38929898041757555,2723.6666666666665
accuracy,0.8850333333333333,0.8850333333333333,0.8850333333333333,0.8850333333333333
macro avg,0.7995722103602608,0.6256249065481634,0.6629208812225107,20000.0
weighted avg,0.8690053909848657,0.8850333333333333,0.8620178892478719,20000.0
