,precision,recall,f1-score,support
0,0.8946814666736809,0.9841444360858747,0.9372829980710939,17281.0
1,0.7235116044399597,0.26369988966531815,0.38652291105121295,2719.0
accuracy,0.8862,0.8862,0.8862,0.8862
macro avg,0.8090965355568203,0.6239221628755964,0.6619029545611534,20000.0
weighted avg,0.8714109239030066,0.8862,0.862407164240741,20000.0
