,precision,recall,f1-score,support
0,0.92339618774339,0.9920180557084664,0.9564778939546733,18166.0
1,0.7004132231404959,0.18484187568157034,0.2924935289042278,1834.0
accuracy,0.918,0.918,0.918,0.918
macro avg,0.811904705441943,0.5884299656950184,0.6244857114294505,20000.0
weighted avg,0.9029486498893046,0.918,0.8955905276795475,20000.0
