,precision,recall,f1-score,support
0,93.41,98.86,0.9605607723846051,18366.0
1,62.75,21.54,0.32072892938496583,1634.0
accuracy,92.54,92.54,0.92545,0.92545
macro avg,78.08,60.2,0.6406448508847855,20000.0
weighted avg,90.9,92.54,0.9082865108115346,20000.0
