,precision,recall,f1-score,support
0,0.9486781547682757,0.9895612370213241,0.968688524590164,17914.0
1,0.8576864535768646,0.540268456375839,0.6629411764705883,2086.0
accuracy,0.9427,0.9427,0.9427,0.9427
macro avg,0.9031823041725702,0.7649148466985816,0.8158148505303762,20000.0
weighted avg,0.9391877203340117,0.9427,0.9367990761812922,20000.0
