,precision,recall,f1-score,support
0,92.03,99.18,0.9547149706979222,18069.0
1,71.83,19.68,0.3089430894308943,1931.0
accuracy,91.5,91.5,0.915,0.915
macro avg,81.93,59.43,0.6318290300644083,20000.0
weighted avg,90.08,91.5,0.8923656955615906,20000.0
