,precision,recall,f1-score,support
0,89.47,98.41,0.9372829980710939,17281.0
1,72.35,26.37,0.38652291105121295,2719.0
accuracy,88.62,88.62,0.8862,0.8862
macro avg,80.91,62.39,0.6619029545611534,20000.0
weighted avg,87.14,88.62,0.862407164240741,20000.0
