,precision,recall,f1-score,support
0,0.9230493732412381,0.9913726783162985,0.9559918395464061,18198.0
1,0.654945054945055,0.16537180910099888,0.2640673460345591,1802.0
accuracy,0.91695,0.91695,0.91695,0.91695
macro avg,0.7889972140931465,0.5783722437086487,0.6100295927904826,20000.0
weighted avg,0.898893174162752,0.91695,0.8936494426809886,20000.0
