,precision,recall,f1-score,support
0,92.3,99.14,0.9559918395464061,18198.0
1,65.49,16.54,0.2640673460345591,1802.0
accuracy,91.7,91.7,0.91695,0.91695
macro avg,78.9,57.84,0.6100295927904826,20000.0
weighted avg,89.89,91.7,0.8936494426809886,20000.0
