,precision,recall,f1-score,support
0,0.9353987590081281,0.9898782850677046,0.9618677016870881,18377.333333333332
1,0.6638474060235021,0.22580477790913456,0.33697033551466654,1622.6666666666667
accuracy,0.9278833333333333,0.9278833333333333,0.9278833333333333,0.9278833333333333
macro avg,0.799623082515815,0.6078415314884197,0.6494190186008774,20000.0
weighted avg,0.9133531038251349,0.9278833333333333,0.9111623136626213,20000.0
