,precision,recall,f1-score,support
0,0.9203430743156489,0.9917538325308539,0.9547149706979222,18069.0
1,0.718336483931947,0.1967892283790782,0.3089430894308943,1931.0
accuracy,0.915,0.915,0.915,0.915
macro avg,0.819339779123798,0.5942715304549661,0.6318290300644083,20000.0
weighted avg,0.9008393380141025,0.915,0.8923656955615906,20000.0
