,precision,recall,f1-score,support
0,93.66,99.14,0.9632506406699957,18388.0
1,70.58,23.51,0.35272219637040486,1612.0
accuracy,93.04,93.04,0.93045,0.93045
macro avg,82.12,61.33,0.6579864185202002,20000.0
weighted avg,91.8,93.04,0.9140420480594487,20000.0
