,precision,recall,f1-score,support
0,0.9571428571428572,0.9934693003586532,0.9749678232775604,18681.0
1,0.8,0.36997725549658833,0.5059616381544841,1319.0
accuracy,0.95235,0.95235,0.95235,0.95235
macro avg,0.8785714285714286,0.6817232779276208,0.7404647307160223,20000.0
weighted avg,0.9467792857142858,0.95235,0.9440368653686936,20000.0
