,precision,recall,f1-score,support
0,0.9493224964619927,0.9905112310413364,0.9694795662821392,17954.333333333332
1,0.8657821231109871,0.5358654891199629,0.6619575178533265,2045.6666666666667
accuracy,0.9440166666666666,0.9440166666666666,0.9440166666666666,0.9440166666666666
macro avg,0.90755230978649,0.7631883600806496,0.8157185420677328,20000.0
weighted avg,0.9407649617958294,0.9440166666666666,0.9380274769209627,20000.0
