,precision,recall,f1-score,support
0,0.9354971452085799,0.9896071389705082,0.9617916920066634,18378.0
1,0.6583184257602862,0.22688039457459927,0.3374598807886291,1622.0
accuracy,0.92775,0.92775,0.92775,0.92775
macro avg,0.7969077854844331,0.6082437667725538,0.6496257863976462,20000.0
weighted avg,0.9130179510613232,0.92775,0.9111583821168808,20000.0
