,precision,recall,f1-score,support
0,0.9576845481351197,0.9915907873594001,0.9743427804531459,18670.0
1,0.7653213751868461,0.3849624060150376,0.5122561280640321,1330.0
accuracy,0.95125,0.95125,0.95125,0.95125
macro avg,0.8615029616609828,0.6882765966872189,0.743299454258589,20000.0
weighted avg,0.9448923971340595,0.95125,0.9436140180692699,20000.0
