,precision,recall,f1-score,support
0,92.34,99.2,0.9564778939546733,18166.0
1,70.04,18.48,0.2924935289042278,1834.0
accuracy,91.8,91.8,0.918,0.918
macro avg,81.19,58.84,0.6244857114294505,20000.0
weighted avg,90.29,91.8,0.8955905276795475,20000.0
