,precision,recall,f1-score,support
0,0.9573687474162877,0.9926596656665237,0.9746948653198653,18664.0
1,0.7885802469135802,0.38248502994011974,0.5151209677419354,1336.0
accuracy,0.9519,0.9519,0.9519,0.9519
macro avg,0.872974497164934,0.6875723478033218,0.7449079165309003,20000.0
weighted avg,0.9460936755827067,0.9519,0.9439953289616596,20000.0
