,precision,recall,f1-score,support
0,0.894534135274876,0.9814761215629523,0.9359905048441857,17275.0
1,0.6940726577437859,0.26642201834862383,0.3850437549721559,2725.0
accuracy,0.88405,0.88405,0.88405,0.88405
macro avg,0.7943033965093309,0.623949069955788,0.6605171299081708,20000.0
weighted avg,0.8672212589612649,0.88405,0.8609240101741216,20000.0
