,precision,recall,f1-score,support
0,0.9222628784334258,0.9917148555185396,0.9557282347330006,18144.333333333332
1,0.6912315873391659,0.1823343043872158,0.2885013214565604,1855.6666666666667
accuracy,0.9166500000000001,0.9166500000000001,0.9166500000000001,0.9166500000000001
macro avg,0.8067472328862958,0.5870245799528777,0.6221147780947806,20000.0
weighted avg,0.9008937206887198,0.9166500000000001,0.8938685553073755,20000.0
