,precision,recall,f1-score,support
0,0.0,0.0,0.0,0.0
1,1.0,0.1894934333958724,0.31861198738170343,1066.0
accuracy,0.1894934333958724,0.1894934333958724,0.1894934333958724,0.1894934333958724
macro avg,0.5,0.0947467166979362,0.15930599369085172,1066.0
weighted avg,1.0,0.1894934333958724,0.31861198738170343,1066.0
