,precision,recall,f1-score,support
0,93.55,98.96,0.9617916920066634,18378.0
1,65.83,22.69,0.3374598807886291,1622.0
accuracy,92.78,92.78,0.92775,0.92775
macro avg,79.69,60.82,0.6496257863976462,20000.0
weighted avg,91.3,92.78,0.9111583821168808,20000.0
