,precision,recall,f1-score,support
0,0.9340501054580997,0.9886202765980616,0.9605607723846051,18366.0
1,0.6274509803921569,0.21542227662178703,0.32072892938496583,1634.0
accuracy,0.92545,0.92545,0.92545,0.92545
macro avg,0.7807505429251282,0.6020212766099243,0.6406448508847855,20000.0
weighted avg,0.9090009569402122,0.92545,0.9082865108115346,20000.0
