,precision,recall,f1-score,support
0,0.9573987175647548,0.9925732511281923,0.9746684896835238,18671.666666666668
1,0.7846338740334754,0.37914156381724856,0.5111129113201506,1328.3333333333333
accuracy,0.9518333333333334,0.9518333333333334,0.9518333333333334,0.9518333333333334
macro avg,0.8710162957991151,0.6858574074727205,0.7428907005018371,20000.0
weighted avg,0.945921786143684,0.9518333333333334,0.9438820707998744,20000.0
