,precision,recall,f1-score,support
0,89.5,98.21,0.936542782027446,17276.333333333332
1,70.42,26.91,0.38929898041757555,2723.6666666666665
accuracy,88.5,88.5,0.8850333333333333,0.8850333333333333
macro avg,79.96,62.56,0.6629208812225107,20000.0
weighted avg,86.9,88.5,0.8620178892478719,20000.0
