,precision,recall,f1-score,support
0,0.9366490263577044,0.9914074396345443,0.9632506406699957,18388.0
1,0.7057728119180633,0.23511166253101737,0.35272219637040486,1612.0
accuracy,0.93045,0.93045,0.93045,0.93045
macro avg,0.8212109191378838,0.6132595510827809,0.6579864185202002,20000.0
weighted avg,0.9180404034738693,0.93045,0.9140420480594487,20000.0
