,precision,recall,f1-score,support
0,89.45,98.15,0.9359905048441857,17275.0
1,69.41,26.64,0.3850437549721559,2725.0
accuracy,88.4,88.4,0.88405,0.88405
macro avg,79.43,62.39,0.6605171299081708,20000.0
weighted avg,86.72,88.4,0.8609240101741216,20000.0
