,precision,recall,f1-score,support
0,92.22,99.17,0.9557282347330006,18144.333333333332
1,69.12,18.23,0.2885013214565604,1855.6666666666667
accuracy,91.67,91.67,0.9166500000000001,0.9166500000000001
macro avg,80.67,58.7,0.6221147780947806,20000.0
weighted avg,90.09,91.67,0.8938685553073755,20000.0
