,precision,recall,f1-score,support
0,0.9491615935063548,0.9903053264987742,0.969297049680973,17948.0
1,0.8634222919937206,0.5360623781676414,0.6614552014431749,2052.0
accuracy,0.9437,0.9437,0.9437,0.9437
macro avg,0.9062919427500377,0.7631838523332077,0.815376125562074,20000.0
weighted avg,0.9403647411711585,0.9437,0.9377124760517751,20000.0
