,precision,recall,f1-score,support
0,89.58,98.08,0.9363548431670581,17273.0
1,69.49,27.72,0.3963302752293578,2727.0
accuracy,88.48,88.48,0.88485,0.88485
macro avg,79.53,62.9,0.666342559198208,20000.0
weighted avg,86.84,88.48,0.8627224933287527,20000.0
