,precision,recall,f1-score,support
0,0.9539239159350891,0.990497762554555,0.971866869037294,18101.0
1,0.8572614107883817,0.5439705107951553,0.6655927835051546,1899.0
accuracy,0.9481,0.9481,0.9481,0.9481
macro avg,0.9055926633617354,0.7672341366748552,0.8187298262712244,20000.0
weighted avg,0.9447458110714091,0.9481,0.9427861446160174,20000.0
