,precision,recall,f1-score,support
0,0.9608460149600206,0.9917997870074547,0.9760775579719638,18780.0
1,0.7495934959349594,0.3778688524590164,0.5024523160762943,1220.0
accuracy,0.95435,0.95435,0.95435,0.95435
macro avg,0.8552197554474901,0.6848343197332356,0.7392649370241291,20000.0
weighted avg,0.9479596112994919,0.95435,0.9471864182163281,20000.0
