,precision,recall,f1-score,support
0,0.9621872581893216,0.9931313561578191,0.9774144526541948,18781.0
1,0.7902439024390244,0.39868744872846595,0.5299890948745911,1219.0
accuracy,0.9569,0.9569,0.9569,0.9569
macro avg,0.876215580314173,0.6959094024431425,0.753701773764393,20000.0
weighted avg,0.951707310656341,0.9569,0.9501438770975279,20000.0
