,precision,recall,f1-score,support
0,0.9516805607178888,0.9902757058401017,0.9705946063034766,18099.0
1,0.8491859468723222,0.5213045765386639,0.6460234680573663,1901.0
accuracy,0.9457,0.9457,0.9457,0.9457
macro avg,0.9004332537951054,0.7557901411893828,0.8083090371804215,20000.0
weighted avg,0.9419384476718676,0.9457,0.9397441196131838,20000.0
