            ,precision         ,recall            ,f1-score          ,support
0           ,0.9661016949152542,1.0               ,0.9827586206896551,114.0
1           ,1.0               ,0.5               ,0.6666666666666666,8.0
accuracy    ,0.9672131147540983,0.9672131147540983,0.9672131147540983,0.9672131147540983
macro avg   ,0.9830508474576272,0.75              ,0.8247126436781609,122.0
weighted avg,0.9683245345929424,0.9672131147540983,0.962031279442246 ,122.0
