,precision,recall,f1-score,support
0,0.9530548397203159,0.990335624486681,0.9713374142463983,18107.666666666668
1,0.8521491192202347,0.5332128110327791,0.6559383797870053,1892.3333333333333
accuracy,0.9470833333333334,0.9470833333333334,0.9470833333333334,0.9470833333333334
macro avg,0.9026019794702753,0.7617742177597301,0.8136378970167019,20000.0
weighted avg,0.9435083970872914,0.9470833333333334,0.9414950859090575,20000.0
