,precision,recall,f1-score,support
0,0.9535600425079702,0.9902334050653865,0.9715507673984246,18123.0
1,0.85,0.5343633457645178,0.6561988877984951,1877.0
accuracy,0.94745,0.94745,0.94745,0.94745
macro avg,0.901780021253985,0.7622983754149522,0.8138748275984599,20000.0
weighted avg,0.9438409325185972,0.94745,0.9419549934979712,20000.0
