,precision,recall,f1-score,support
0,0.9611289155380958,0.9918916035420889,0.9762679827785362,18746.0
1,0.7675840978593272,0.4003189792663477,0.5262054507337527,1254.0
accuracy,0.9548,0.9548,0.9548,0.9548
macro avg,0.8643565066987116,0.6961052914042183,0.7512367167561445,20000.0
weighted avg,0.9489936554696369,0.9548,0.9480490620193283,20000.0
