,precision,recall,f1-score,support
0,0.961387396229146,0.9922742489024543,0.9765866644682316,18769.0
1,0.769140498744437,0.3922917601512767,0.5195489538948794,1231.0
accuracy,0.95535,0.95535,0.95535,0.95535
macro avg,0.8652639474867915,0.6922830045268654,0.7480678091815555,20000.0
weighted avg,0.94955352580849,0.95535,0.948459785777728,20000.0
