,precision,recall,f1-score,support
0,0.0,0.0,0.0,0.0
1,1.0,0.1526032315978456,0.264797507788162,1114.0
accuracy,0.1526032315978456,0.1526032315978456,0.1526032315978456,0.1526032315978456
macro avg,0.5,0.0763016157989228,0.132398753894081,1114.0
weighted avg,1.0,0.1526032315978456,0.264797507788162,1114.0
