,precision,recall,f1-score,support
0,0.0,0.0,0.0,0.0
1,1.0,0.48372093023255813,0.652037617554859,860.0
accuracy,0.48372093023255813,0.48372093023255813,0.48372093023255813,0.48372093023255813
macro avg,0.5,0.24186046511627907,0.3260188087774295,860.0
weighted avg,1.0,0.48372093023255813,0.6520376175548589,860.0
