,precision,recall,f1-score,support
0,0.0,0.0,0.0,0.0
1,1.0,0.2003610108303249,0.33383458646616543,1108.0
accuracy,0.2003610108303249,0.2003610108303249,0.2003610108303249,0.2003610108303249
macro avg,0.5,0.10018050541516245,0.16691729323308271,1108.0
weighted avg,1.0,0.2003610108303249,0.33383458646616543,1108.0
