,precision,recall,f1-score,support
0,0.0,0.0,0.0,0.0
1,1.0,0.48127128263337116,0.6498084291187739,881.0
accuracy,0.48127128263337116,0.48127128263337116,0.48127128263337116,0.48127128263337116
macro avg,0.5,0.24063564131668558,0.32490421455938695,881.0
weighted avg,1.0,0.48127128263337116,0.6498084291187739,881.0
