,precision,recall,f1-score,support
0,0.0,0.0,0.0,0.0
1,1.0,0.3342884431709647,0.5010737294201861,1047.0
accuracy,0.3342884431709647,0.3342884431709647,0.3342884431709647,0.3342884431709647
macro avg,0.5,0.16714422158548234,0.25053686471009307,1047.0
weighted avg,1.0,0.3342884431709647,0.5010737294201861,1047.0
