,precision,recall,f1-score,support
0,0.0,0.0,0.0,0.0
1,1.0,0.23259052924791088,0.37740112994350283,718.0
accuracy,0.23259052924791088,0.23259052924791088,0.23259052924791088,0.23259052924791088
macro avg,0.5,0.11629526462395544,0.18870056497175142,718.0
weighted avg,1.0,0.23259052924791088,0.3774011299435029,718.0
