,precision,recall,f1-score,support
0,0.0,0.0,0.0,0.0
1,1.0,0.669195751138088,0.8018181818181819,1318.0
accuracy,0.669195751138088,0.669195751138088,0.669195751138088,0.669195751138088
macro avg,0.5,0.334597875569044,0.40090909090909094,1318.0
weighted avg,1.0,0.669195751138088,0.801818181818182,1318.0
