,precision,recall,f1-score,support
0,0.0,0.0,0.0,0.0
1,1.0,0.2840466926070039,0.44242424242424244,514.0
accuracy,0.2840466926070039,0.2840466926070039,0.2840466926070039,0.2840466926070039
macro avg,0.5,0.14202334630350194,0.22121212121212122,514.0
weighted avg,1.0,0.2840466926070039,0.44242424242424244,514.0
