,precision,recall,f1-score,support
0,0.0,0.0,0.0,0.0
1,1.0,0.21218487394957983,0.3500866551126517,476.0
accuracy,0.21218487394957983,0.21218487394957983,0.21218487394957983,0.21218487394957983
macro avg,0.5,0.10609243697478991,0.17504332755632585,476.0
weighted avg,1.0,0.21218487394957983,0.3500866551126517,476.0
