,precision,recall,f1-score,support
0,0.0,0.0,0.0,0.0
1,1.0,0.1912087912087912,0.3210332103321033,455.0
accuracy,0.1912087912087912,0.1912087912087912,0.1912087912087912,0.1912087912087912
macro avg,0.5,0.0956043956043956,0.16051660516605165,455.0
weighted avg,1.0,0.1912087912087912,0.3210332103321033,455.0
