,precision,recall,f1-score,support
0,0.0,0.0,0.0,0.0
1,1.0,0.2057460611677479,0.34127594158339736,1079.0
accuracy,0.2057460611677479,0.2057460611677479,0.2057460611677479,0.2057460611677479
macro avg,0.5,0.10287303058387395,0.17063797079169868,1079.0
weighted avg,1.0,0.2057460611677479,0.34127594158339736,1079.0
