,precision,recall,f1-score,support
0,0.0,0.0,0.0,0.0
1,1.0,0.2640845070422535,0.41782729805013924,568.0
accuracy,0.2640845070422535,0.2640845070422535,0.2640845070422535,0.2640845070422535
macro avg,0.5,0.13204225352112675,0.20891364902506962,568.0
weighted avg,1.0,0.2640845070422535,0.41782729805013924,568.0
