,precision,recall,f1-score,support
0,0.0,0.0,0.0,0.0
1,1.0,0.24036979969183359,0.38757763975155285,649.0
accuracy,0.24036979969183359,0.24036979969183359,0.24036979969183359,0.24036979969183359
macro avg,0.5,0.12018489984591679,0.19378881987577642,649.0
weighted avg,1.0,0.24036979969183359,0.38757763975155285,649.0
