,precision,recall,f1-score,support
0,0.0,0.0,0.0,0.0
1,1.0,0.2662251655629139,0.4205020920502092,755.0
accuracy,0.2662251655629139,0.2662251655629139,0.2662251655629139,0.2662251655629139
macro avg,0.5,0.13311258278145696,0.2102510460251046,755.0
weighted avg,1.0,0.2662251655629139,0.4205020920502092,755.0
