,precision,recall,f1-score,support
0,0.0,0.0,0.0,0.0
1,1.0,0.2383545069570478,0.3849535906204201,1653.0
accuracy,0.2383545069570478,0.2383545069570478,0.2383545069570478,0.2383545069570478
macro avg,0.5,0.1191772534785239,0.19247679531021006,1653.0
weighted avg,1.0,0.2383545069570478,0.3849535906204201,1653.0
