,precision,recall,f1-score,support
0,0.0,0.0,0.0,0.0
1,1.0,0.3358208955223881,0.5027932960893855,1072.0
accuracy,0.3358208955223881,0.3358208955223881,0.3358208955223881,0.3358208955223881
macro avg,0.5,0.16791044776119404,0.25139664804469275,1072.0
weighted avg,1.0,0.3358208955223881,0.5027932960893855,1072.0
