,precision,recall,f1-score,support
0,0.0,0.0,0.0,0.0
1,1.0,0.6931380107941403,0.8187613843351548,1297.0
accuracy,0.6931380107941403,0.6931380107941403,0.6931380107941403,0.6931380107941403
macro avg,0.5,0.34656900539707014,0.4093806921675774,1297.0
weighted avg,1.0,0.6931380107941403,0.8187613843351549,1297.0
