,precision,recall,f1-score,support
0,0.0,0.0,0.0,0.0
1,1.0,0.323062558356676,0.4883556810162315,1071.0
accuracy,0.323062558356676,0.323062558356676,0.323062558356676,0.323062558356676
macro avg,0.5,0.161531279178338,0.24417784050811575,1071.0
weighted avg,1.0,0.323062558356676,0.4883556810162315,1071.0
