,precision,recall,f1-score,support
0,0.0,0.0,0.0,0.0
1,1.0,0.4812646370023419,0.649802371541502,854.0
accuracy,0.4812646370023419,0.4812646370023419,0.4812646370023419,0.4812646370023419
macro avg,0.5,0.24063231850117095,0.324901185770751,854.0
weighted avg,1.0,0.4812646370023419,0.649802371541502,854.0
