,precision,recall,f1-score,support
0,0.0,0.0,0.0,0.0
1,1.0,0.2300140252454418,0.37400228050171036,713.0
accuracy,0.2300140252454418,0.2300140252454418,0.2300140252454418,0.2300140252454418
macro avg,0.5,0.1150070126227209,0.18700114025085518,713.0
weighted avg,1.0,0.2300140252454418,0.3740022805017103,713.0
