,precision,recall,f1-score,support
0,0.0,0.0,0.0,0.0
1,1.0,0.12315698178664354,0.2193050193050193,1153.0
accuracy,0.12315698178664354,0.12315698178664354,0.12315698178664354,0.12315698178664354
macro avg,0.5,0.06157849089332177,0.10965250965250965,1153.0
weighted avg,1.0,0.12315698178664354,0.2193050193050193,1153.0
