,precision,recall,f1-score,support
0,0.0,0.0,0.0,0.0
1,1.0,0.22417982989064397,0.36625310173697273,1646.0
accuracy,0.22417982989064397,0.22417982989064397,0.22417982989064397,0.22417982989064397
macro avg,0.5,0.11208991494532199,0.18312655086848637,1646.0
weighted avg,1.0,0.22417982989064397,0.36625310173697273,1646.0
