,precision,recall,f1-score,support
0,0.0,0.0,0.0,0.0
1,1.0,0.3190104166666667,0.4837117472852912,768.0
accuracy,0.3190104166666667,0.3190104166666667,0.3190104166666667,0.3190104166666667
macro avg,0.5,0.15950520833333334,0.2418558736426456,768.0
weighted avg,1.0,0.3190104166666667,0.4837117472852912,768.0
