,precision,recall,f1-score,support
0,0.0,0.0,0.0,0.0
1,1.0,0.17733990147783252,0.301255230125523,1218.0
accuracy,0.17733990147783252,0.17733990147783252,0.17733990147783252,0.17733990147783252
macro avg,0.5,0.08866995073891626,0.1506276150627615,1218.0
weighted avg,1.0,0.17733990147783252,0.301255230125523,1218.0
