,precision,recall,f1-score,support
0,0.0,0.0,0.0,0.0
1,1.0,0.22407628128724671,0.36611489776046735,1678.0
accuracy,0.22407628128724671,0.22407628128724671,0.22407628128724671,0.22407628128724671
macro avg,0.5,0.11203814064362336,0.18305744888023368,1678.0
weighted avg,1.0,0.22407628128724671,0.36611489776046735,1678.0
