,precision,recall,f1-score,support
0,0.0,0.0,0.0,0.0
1,1.0,0.682850430696946,0.811540251279665,1277.0
accuracy,0.682850430696946,0.682850430696946,0.682850430696946,0.682850430696946
macro avg,0.5,0.341425215348473,0.4057701256398325,1277.0
weighted avg,1.0,0.682850430696946,0.8115402512796651,1277.0
