,precision,recall,f1-score,support
0,0.0,0.0,0.0,0.0
1,1.0,0.2631578947368421,0.4166666666666667,722.0
accuracy,0.2631578947368421,0.2631578947368421,0.2631578947368421,0.2631578947368421
macro avg,0.5,0.13157894736842105,0.20833333333333334,722.0
weighted avg,1.0,0.2631578947368421,0.41666666666666674,722.0
