,precision,recall,f1-score,support
0,0.0,0.0,0.0,0.0
1,1.0,0.2945590994371482,0.4550724637681159,533.0
accuracy,0.2945590994371482,0.2945590994371482,0.2945590994371482,0.2945590994371482
macro avg,0.5,0.1472795497185741,0.22753623188405794,533.0
weighted avg,1.0,0.2945590994371482,0.4550724637681159,533.0
