fold,oov.all,oov.abusive,oov.non
1,0.9852216748768473,0.7042253521126761,3.0303030303030303
2,0.936768149882904,1.2605042016806722,0.5988023952095809
3,0.6976744186046512,2.05761316872428,2.112676056338028
4,0.9546539379474941,0.7575757575757576,1.8518518518518516
5,0.9501187648456058,0.7246376811594203,4.102564102564102
,,,
avg,0.88,1.2,2.17
std,0.12,0.62,1.45
var,0.02,0.39,2.1
