fold,oov.all,oov.abusive,oov.non
1,0.285442435775452,0.7009345794392523,4.166666666666666
2,0.12845215157353884,0.14720314033366044,7.758620689655173
3,0.8103727714748784,0.19607843137254902,4.49438202247191
4,0.2153316106804479,1.0526315789473684,6.25
5,0.8503401360544218,0.08038585209003216,2.7027027027027026
,,,
avg,0.5,0.37,5.3
std,0.38,0.46,2.19
var,0.15,0.21,4.78
