fold,oov.all,oov.abusive,oov.non
1,0.5730659025787965,0.6535947712418301,3.3783783783783785
2,1.1933174224343674,1.2096774193548387,2.7027027027027026
3,0.8928571428571428,2.5906735751295336,3.1645569620253164
4,0.2932551319648094,1.3274336283185841,2.564102564102564
5,0.5617977528089888,0.8620689655172413,2.4390243902439024
,,,
avg,0.74,1.5,2.72
std,0.39,0.76,0.32
var,0.15,0.57,0.1
