fold,oov.all,oov.abusive,oov.non
1,0.324254215304799,0.7949125596184419,6.172839506172839
2,1.7738359201773837,0.0,6.122448979591836
3,0.46701692936368944,0.60882800608828,3.731343283582089
4,0.28873917228103946,0.5208333333333333,1.0638297872340425
5,0.38910505836575876,0.4098360655737705,3.296703296703297
,,,
avg,0.73,0.38,3.55
std,0.7,0.27,2.07
var,0.49,0.07,4.3
