fold,oov.all,oov.abusive,oov.non
1,1.201923076923077,1.8691588785046727,0.591715976331361
2,0.7518796992481203,1.2096774193548387,1.7647058823529411
3,1.2468827930174564,2.066115702479339,3.289473684210526
4,0.5305039787798408,1.1764705882352942,1.183431952662722
5,0.7246376811594203,1.4285714285714286,3.3707865168539324
,,,
avg,0.81,1.47,2.4
std,0.31,0.41,1.1
var,0.09,0.17,1.21
