fold,oov.all,oov.abusive,oov.non
1,0.141643059490085,0.15527950310559005,5.555555555555555
2,0.7117437722419928,0.20833333333333334,4.705882352941177
3,0.5263157894736842,0.34423407917383825,9.615384615384617
4,0.6335797254487857,0.4479283314669653,6.329113924050633
5,0.3597122302158274,0.2597402597402597,3.1746031746031744
,,,
avg,0.56,0.32,5.96
std,0.15,0.1,2.76
var,0.02,0.01,7.61
