fold,oov.all,oov.abusive,oov.non
1,0.7092198581560284,8.21917808219178,12.0
2,1.36986301369863,7.894736842105263,3.488372093023256
3,2.547770700636943,5.769230769230769,5.825242718446602
4,3.4722222222222223,6.0606060606060606,5.47945205479452
5,4.697986577181208,5.172413793103448,1.0
,,,
avg,3.02,6.22,3.95
std,1.41,1.17,2.22
var,1.99,1.38,4.92
