fold,oov.all,oov.abusive,oov.non
1,5.3097345132743365,9.836065573770492,4.615384615384616
2,3.0927835051546393,9.25925925925926,3.225806451612903
3,7.194244604316546,9.090909090909092,9.090909090909092
4,1.7699115044247788,2.380952380952381,8.064516129032258
5,4.3478260869565215,4.761904761904762,7.142857142857142
,,,
avg,4.1,6.37,6.88
std,2.32,3.38,2.56
var,5.36,11.42,6.57
