fold,oov.all,oov.abusive,oov.non
1,0.7782101167315175,2.5,1.0416666666666665
2,0.8968609865470852,2.5,4.938271604938271
3,2.030456852791878,0.0,3.1578947368421053
4,1.06951871657754,3.418803418803419,3.9215686274509802
5,1.9801980198019802,2.380952380952381,4.716981132075472
,,,
avg,1.49,2.07,4.18
std,0.59,1.46,0.81
var,0.35,2.13,0.66
