fold,oov.all,oov.abusive,oov.non
1,0.5376344086021506,4.310344827586207,2.083333333333333
2,2.6455026455026456,0.8695652173913043,2.272727272727273
3,0.0,3.6036036036036037,3.488372093023256
4,2.955665024630542,4.49438202247191,1.1764705882352942
5,0.9216589861751152,0.8849557522123894,3.9603960396039604
,,,
avg,1.63,2.46,2.72
std,1.41,1.87,1.25
var,1.98,3.49,1.57
