fold,oov.all,oov.abusive,oov.non
1,0.9090909090909091,2.803738317757009,4.878048780487805
2,1.0362694300518136,1.6666666666666667,3.260869565217391
3,1.9047619047619049,7.142857142857142,2.631578947368421
4,2.9702970297029703,1.5384615384615385,1.1627906976744187
5,0.904977375565611,2.0202020202020203,1.9230769230769231
,,,
avg,1.7,3.09,2.24
std,0.95,2.71,0.9
var,0.91,7.33,0.82
