fold,oov.all,oov.abusive,oov.non
1,4.938271604938271,3.076923076923077,3.8461538461538463
2,1.4184397163120568,3.571428571428571,10.95890410958904
3,3.4013605442176873,8.695652173913043,4.123711340206185
4,3.597122302158273,5.084745762711865,4.819277108433735
5,1.9607843137254901,2.7027027027027026,3.4090909090909087
,,,
avg,2.59,5.01,5.83
std,1.07,2.64,3.47
var,1.15,6.99,12.03
