fold,oov.all,oov.abusive,oov.non
1,3.2,0.0,6.666666666666667
2,0.7042253521126761,6.382978723404255,2.631578947368421
3,6.338028169014084,7.575757575757576,5.617977528089887
4,1.2987012987012987,7.59493670886076,2.898550724637681
5,2.5806451612903225,7.575757575757576,10.144927536231885
,,,
avg,2.73,7.28,5.32
std,2.53,0.6,3.49
var,6.4,0.36,12.15
