fold,oov.all,oov.abusive,oov.non
1,2.6785714285714284,9.523809523809524,8.108108108108109
2,5.555555555555555,2.3255813953488373,10.16949152542373
3,4.032258064516129,14.814814814814813,7.462686567164178
4,3.571428571428571,8.51063829787234,2.7777777777777777
5,5.263157894736842,6.451612903225806,8.51063829787234
,,,
avg,4.61,8.03,7.23
std,0.95,5.21,3.17
var,0.91,27.1,10.05