fold,oov.all,oov.abusive,oov.non
1,2.3622047244094486,7.142857142857142,6.666666666666667
2,2.0,6.25,6.779661016949152
3,6.140350877192982,3.7735849056603774,4.3478260869565215
4,4.62962962962963,1.4492753623188406,2.5
5,5.05050505050505,1.8518518518518516,12.987012987012985
,,,
avg,4.46,3.33,6.65
std,1.76,2.19,4.57
var,3.08,4.82,20.9
